,addressStreet,addressCity,addressState,addressZipCode,bikesAvailable,closeTime,docksAvailable,eventEnd,eventStart,isEventBased,isVirtual,isVisible,kioskId,kioskPublicStatus,kioskStatus,kioskUnresponsiveTime,name,notes,openTime,publicText,timeZone,totalDocks,trikesAvailable,kioskConnectionStatus,kioskType,latitude,longitude,hasGeofence,classicBikesAvailable,smartBikesAvailable,electricBikesAvailable,isArchived,clientVersion
0,700 Flower St,DTLA,CA,90017,16,05:44:00,13,,,False,False,False,3005,Active,FullService,,7th & Flower,,05:45:00,,Pacific Standard Time,31,0,Active,1,34.0485,-118.25854,False,16,0,0,False,2.174.257
1,729 S Olive Street,DTLA,CA,90014,17,05:44:00,14,,,False,False,False,3006,Active,FullService,,Olive & 8th,,05:45:00,,Pacific Standard Time,31,0,Active,1,34.04554,-118.25667,False,17,0,0,False,2.174.257
2,557 S 5th Street,DTLA,CA,90071,5,05:44:00,18,,,False,False,False,3007,Active,FullService,,5th & Grand,,05:45:00,,Pacific Standard Time,23,0,Active,1,34.05048,-118.25459,False,5,0,0,False,2.174.257
3,865 S Figueroa Street,DTLA,CA,90017,8,05:44:00,7,,,False,False,False,3008,Active,FullService,,Figueroa & 9th,,05:45:00,,Pacific Standard Time,15,0,Active,1,34.04661,-118.26273,False,8,0,0,False,2.174.257
4,401 East 11th Street,DTLA,CA,90015,7,05:44:00,8,,,False,False,False,3010,Active,FullService,,11th & Maple,,05:45:00,,Pacific Standard Time,15,0,Active,1,34.03705,-118.25487,False,7,0,0,False,2.174.257
5,1259-1299 S Figueroa Street,DTLA,CA,90015,9,05:44:00,10,,,False,False,False,3011,Active,FullService,,Figueroa & Pico,,05:45:00,,Pacific Standard Time,19,0,Active,1,34.04113,-118.26798,False,8,0,1,False,2.174.257
6,834 N Alameda St,Chinatown,CA,90012,20,05:44:00,13,,,False,False,False,3014,Active,FullService,,Union Station West Portal,,05:45:00,,Pacific Standard Time,33,0,Active,1,34.05661,-118.23721,False,20,0,0,False,2.174.257
7,201 N Los Angeles Street,DTLA,CA,90012,11,05:44:00,19,,,False,False,False,3016,Active,FullService,,Los Angeles & Temple,,05:45:00,,Pacific Standard Time,30,0,Active,1,34.0529,-118.24156,False,8,0,3,False,2.174.257
8,919 S Grand Ave.,DTLA,CA,90015,12,05:44:00,7,,,False,False,False,3018,Active,FullService,,Grand & Olympic,,05:45:00,,Pacific Standard Time,19,0,Active,1,34.04373,-118.26014,False,12,0,0,False,2.174.257
9,129 W 12th Street,DTLA,CA,90015,8,05:44:00,11,,,False,False,False,3019,Active,FullService,,12th & Hill,,05:45:00,,Pacific Standard Time,19,0,Active,1,34.03861,-118.26086,False,7,0,1,False,2.174.257
10,1950 S Hill Street,DTLA,CA,90007,11,05:44:00,10,,,False,False,False,3020,Active,FullService,,Hill & Washington,,05:45:00,,Pacific Standard Time,21,0,Active,1,34.03105,-118.26709,False,9,0,2,False,2.174.257
11,999 E Third Street,DTLA,CA,90013,11,05:44:00,15,,,False,False,False,3022,Active,FullService,,3rd & Santa Fe,,05:45:00,,Pacific Standard Time,26,0,Active,1,34.04607,-118.23309,False,10,0,1,False,2.174.257
12,111 N Hope St,DTLA,CA,90012,4,05:44:00,13,,,False,False,False,3024,Active,FullService,,Hope & 1st,,05:45:00,,Pacific Standard Time,17,0,Active,1,34.05772,-118.24897,False,3,0,1,False,2.174.257
13,1014 S Grand Ave,DTLA,CA,90015,7,05:44:00,8,,,False,False,False,3025,Active,FullService,,Grand & Washington,,05:45:00,,Pacific Standard Time,15,0,Active,1,34.03286,-118.26808,False,7,0,0,False,2.174.257
14,668 N Figueroa Street,Chinatown,CA,90012,6,05:44:00,9,,,False,False,False,3026,Active,FullService,,Figueroa & Cesar Chavez,,05:45:00,,Pacific Standard Time,15,0,Active,1,34.06318,-118.24588,False,6,0,0,False,2.174.257
15,300 S Spring Street,DTLA,CA,90013,6,05:44:00,9,,,False,False,False,3027,Active,FullService,,Spring & 3rd,,05:45:00,,Pacific Standard Time,15,0,Active,1,34.04998,-118.24716,False,6,0,0,False,2.174.257
16,310 N Grand Ave,DTLA,CA,90012,7,05:44:00,9,,,False,False,False,3028,Active,FullService,,Grand & Temple,,05:45:00,,Pacific Standard Time,16,0,Active,1,34.05832,-118.24609,False,7,0,0,False,2.174.257
17,120 S Main Street,DTLA,CA,90012,20,05:44:00,9,,,False,False,False,3030,Active,FullService,,Main & 1st,,05:45:00,,Pacific Standard Time,29,0,Active,1,34.05194,-118.24353,False,19,0,1,False,2.174.257
18,7th & Spring St.,DTLA,CA,90014,17,05:44:00,9,,,False,False,False,3031,Active,FullService,,7th & Spring,,05:45:00,,Pacific Standard Time,26,0,Active,1,34.0447,-118.25244,False,16,0,1,False,2.174.257
19,557 S Hope Street,DTLA,CA,90071,9,05:44:00,22,,,False,False,False,3032,Active,FullService,,Hope & 6th,,05:45:00,,Pacific Standard Time,31,0,Active,1,34.04989,-118.25588,False,9,0,0,False,2.174.257
20,110 E 9th Street,DTLA,CA,90079,10,05:44:00,5,,,False,False,False,3033,Active,FullService,,Main & 9th,,05:45:00,,Pacific Standard Time,15,0,Active,1,34.04099,-118.2558,False,10,0,0,False,2.174.257
21,1113 S Hope St,DTLA,CA,90015,17,05:44:00,12,,,False,False,False,3034,Active,FullService,,Hope & 11th,,05:45:00,,Pacific Standard Time,29,0,Active,1,34.04206,-118.26338,False,15,0,2,False,2.174.257
22,Reinstalled 6/15,DTLA,CA,90017,14,05:44:00,9,,,False,False,False,3035,Active,FullService,,Figueroa & 8th,,05:45:00,,Pacific Standard Time,23,0,Active,1,34.0484,-118.26095,False,14,0,0,False,2.174.257
23,1301 Willow Street,DTLA,CA,90013,8,05:44:00,11,,,False,False,False,3036,Active,FullService,,Willow St & Mateo St,,05:45:00,,Pacific Standard Time,19,0,Active,1,34.03919,-118.23253,False,8,0,0,False,2.174.257
24,699 S Imperial St,DTLA,CA,90021,10,05:44:00,10,,,False,False,False,3037,Active,FullService,,Imperial & 7th,,05:45:00,,Pacific Standard Time,20,0,Active,1,34.0348,-118.23128,False,8,0,2,False,2.174.257
25,1234 Wilshire Blvd,Westlake,CA,90017,4,05:44:00,5,,,False,False,False,3040,Active,FullService,,Wilshire & Witmer,,05:45:00,,Pacific Standard Time,9,0,Active,1,34.05357,-118.26636,False,4,0,0,False,2.174.257
26,369 E First Street,DTLA,CA,90012,16,05:44:00,12,,,False,False,False,3042,Active,FullService,,1st & Central,,05:45:00,,Pacific Standard Time,28,0,Active,1,34.0493,-118.23881,False,16,0,0,False,2.174.257
27,1850 San Pedro St,DTLA,CA,90015,12,05:44:00,2,,,False,False,False,3045,Active,FullService,,18th & San Pedro,,05:45:00,,Pacific Standard Time,14,0,Active,1,34.02851,-118.25667,False,11,0,1,False,2.174.257
28,201 South Hill Street,DTLA,CA,90021,2,05:44:00,15,,,False,False,False,3046,Active,FullService,,2nd & Hill,,05:45:00,,Pacific Standard Time,17,0,Active,1,34.05287,-118.24749,False,2,0,0,False,2.174.257
29,515 W Pico Street,DTLA,CA,90015,10,05:44:00,25,,,False,False,False,3047,Active,FullService,,Pico & Flower,,05:45:00,,Pacific Standard Time,36,0,Active,1,34.03998,-118.2664,False,10,0,0,False,2.174.257
30,1210 East 5th Street,DTLA,CA,90013,9,05:44:00,7,,,False,False,False,3048,Active,FullService,,5th & Hewitt,,05:45:00,,Pacific Standard Time,16,0,Active,1,34.04169,-118.23535,False,9,0,0,False,2.174.257
31,945 W 2nd Street,DTLA,CA,90012,5,05:44:00,13,,,False,False,False,3049,Active,FullService,,2nd & Figueroa,,05:45:00,,Pacific Standard Time,18,0,Active,1,34.05697,-118.25359,False,5,0,0,False,2.174.257
32,1107 W 7th Street,Westlake,CA,90017,12,05:44:00,22,,,False,False,False,3052,Active,FullService,,7th & Bixel,,05:45:00,,Pacific Standard Time,34,0,Active,1,34.0511,-118.26456,False,8,0,4,False,2.174.257
33,1245 Factory Place,DTLA,CA,90013,7,05:44:00,12,,,False,False,False,3054,Active,FullService,,Factory Place & Alameda,,05:45:00,,Pacific Standard Time,19,0,Active,1,34.03922,-118.23649,False,7,0,0,False,2.174.257
34,1375 S Grand Ave,DTLA,CA,90015,12,05:44:00,3,,,False,False,False,3056,Active,FullService,,Grand & 14th,,05:45:00,,Pacific Standard Time,15,0,Active,1,34.03746,-118.26538,False,10,0,2,False,2.174.257
35,1855 Industrial Street,DTLA,CA,90021,9,05:44:00,6,,,False,False,False,3058,Active,FullService,,Industrial St & Mateo St,,05:45:00,,Pacific Standard Time,15,0,Active,1,34.0358,-118.23317,False,9,0,0,False,2.174.257
36,350 E Third Street,DTLA,CA,90013,7,05:44:00,8,,,False,False,False,3062,Active,FullService,,3rd & San Pedro,,05:45:00,,Pacific Standard Time,15,0,Active,1,34.04775,-118.24317,False,7,0,0,False,2.174.257
37,532 W Olive Street,DTLA,CA,90013,13,05:44:00,9,,,False,False,False,3063,Active,FullService,,Pershing Square,,05:45:00,,Pacific Standard Time,22,0,Active,1,34.04804,-118.25374,False,13,0,0,False,2.174.257
38,786 S Grand Ave,DTLA,CA,90017,7,05:44:00,11,,,False,False,False,3064,Active,FullService,,Grand & 8th,,05:45:00,,Pacific Standard Time,18,0,Active,1,34.04613,-118.25759,False,7,0,0,False,2.174.257
39,725 New High Street,Chinatown,CA,90012,5,05:44:00,10,,,False,False,False,3065,Active,FullService,,New High & Ord,,05:45:00,,Pacific Standard Time,15,0,Active,1,34.06056,-118.23833,False,4,0,1,False,2.174.257
40,870 N Spring Street,Chinatown,CA,90012,15,05:44:00,0,,,False,False,False,3066,Active,FullService,,Spring & College,,05:45:00,,Pacific Standard Time,15,0,Active,1,34.06339,-118.23616,False,12,0,3,False,2.174.257
41,250 S Grand Ave,DTLA,CA,90012,5,05:44:00,9,,,False,False,False,3068,Active,FullService,,Grand & 3rd,,05:45:00,,Pacific Standard Time,14,0,Active,1,34.0532,-118.25095,False,5,0,0,False,2.174.257
42,303 S Broadway Street,DTLA,CA,90013,15,05:44:00,8,,,False,False,False,3069,Active,FullService,,Broadway & 3rd,,05:45:00,,Pacific Standard Time,23,0,Active,1,34.05088,-118.24825,False,15,0,0,False,2.174.257
43,960 S Hope Street,DTLA,CA,90015,7,05:44:00,15,,,False,False,False,3074,Active,FullService,,Hope & Olympic,,05:45:00,,Pacific Standard Time,22,0,Active,1,34.04417,-118.26117,False,7,0,0,False,2.174.257
44,902 South Broadway,DTLA,CA,90015,9,05:44:00,7,,,False,False,False,3075,Active,FullService,,Broadway & 9th,,05:45:00,,Pacific Standard Time,16,0,Active,1,34.04211,-118.25619,False,9,0,0,False,2.174.257
45,201 East 9th Street,DTLA,CA,90015,9,05:44:00,6,,,False,False,False,3076,Active,FullService,,9th & Los Angeles,,05:45:00,,Pacific Standard Time,15,0,Active,1,34.0406,-118.25384,False,8,0,1,False,2.174.257
46,517 East 8th Street,DTLA,CA,90014,6,05:44:00,9,,,False,False,False,3077,Active,FullService,,8th & Wall,,05:45:00,,Pacific Standard Time,15,0,Active,1,34.03987,-118.25004,False,6,0,0,False,2.174.257
47,881 N Hill Street,Chinatown,CA,90012,4,05:44:00,10,,,False,False,False,3078,Active,FullService,,Hill & College,,05:45:00,,Pacific Standard Time,15,0,Active,1,34.06428,-118.23894,False,2,0,2,False,2.174.257
48,720 E Temple St,DTLA,CA,90012,8,05:44:00,6,,,False,False,False,3079,Active,FullService,,Temple & Vignes,,05:45:00,,Pacific Standard Time,14,0,Active,1,34.05014,-118.23319,False,8,0,0,False,2.174.257
49,800 E 12th Street,DTLA,CA,90021,7,05:44:00,8,,,False,False,False,3081,Active,FullService,,Stanford & 12th,,05:45:00,,Pacific Standard Time,15,0,Active,1,34.03189,-118.25018,False,7,0,0,False,2.174.257
50,599 Traction Ave,DTLA,CA,90013,16,05:44:00,11,,,False,False,False,3082,Active,FullService,,Traction & Rose,,05:45:00,,Pacific Standard Time,27,0,Active,1,34.04652,-118.23741,False,16,0,0,False,2.174.257
51,1222 Abbot Kinney Blvd,Venice,CA,90291,12,05:44:00,12,,,False,False,False,4202,Active,FullService,,Abbot Kinney & Cadiz,,05:45:00,,Pacific Standard Time,24,0,Active,1,33.99116,-118.46829,False,10,0,2,False,2.174.257
52,2901 W Washington Blvd,Venice,CA,90292,9,05:44:00,7,,,False,False,False,4204,Active,FullService,,Washington & Abbot Kinney,,05:45:00,,Pacific Standard Time,16,0,Active,1,33.98842,-118.45163,False,7,0,2,False,2.174.257
53,923 Venice Blvd,Venice,CA,90291,10,05:44:00,6,,,False,False,False,4205,Active,FullService,,Venice & Lincoln,,05:45:00,,Pacific Standard Time,16,0,Active,1,33.99377,-118.45367,False,10,0,0,False,2.174.257
54,1000 California Ave,Venice,CA,90291,13,05:44:00,17,,,False,False,False,4206,Active,FullService,,California & Lincoln,,05:45:00,,Pacific Standard Time,30,0,Active,1,33.99834,-118.46101,False,9,0,4,False,2.174.257
55,715 Rose Ave,Venice,CA,90291,14,05:44:00,8,,,False,False,False,4207,Active,FullService,,Rose & 7th,,05:45:00,,Pacific Standard Time,22,0,Active,1,34.00088,-118.46891,False,13,0,1,False,2.174.257
56,529 Rose Ave,Venice,CA,90291,10,05:44:00,11,,,False,False,False,4208,Active,FullService,,Rose & Rennie,,05:45:00,,Pacific Standard Time,21,0,Active,1,33.99868,-118.47298,False,9,0,1,False,2.174.257
57,200 Rose Ave,Venice,CA,90291,7,05:44:00,16,,,False,False,False,4209,Active,FullService,,Rose & Main,,05:45:00,,Pacific Standard Time,23,0,Active,1,33.99624,-118.47745,False,7,0,0,False,2.174.257
58,2100 Ocean Front Walk,Venice,CA,90291,7,05:44:00,8,,,False,False,False,4210,Active,FullService,,Ocean Front Walk & North Venice,,05:45:00,,Pacific Standard Time,15,0,Active,1,33.98434,-118.47155,False,6,0,1,False,2.174.257
59,2100 Pacific Ave,Venice,CA,90291,2,05:44:00,12,,,False,False,False,4211,Active,FullService,,Pacific & North Venice,,05:45:00,,Pacific Standard Time,14,0,Active,1,33.98493,-118.46996,False,0,0,2,False,2.174.257
60,140 Windward Ave,Venice,CA,90291,10,05:44:00,11,,,False,False,False,4212,Active,FullService,,Windward & Main,,05:45:00,,Pacific Standard Time,21,0,Active,1,33.98813,-118.47174,False,10,0,0,False,2.174.257
61,1150 7th Ave,Venice,CA,90291,5,05:44:00,10,,,False,False,False,4213,Active,FullService,,7th & Westminster,,05:45:00,,Pacific Standard Time,15,0,Active,1,33.99537,-118.4648,False,4,0,1,False,2.174.257
62,Ocean Front Walk at Navy St,Venice,CA,90291,1,05:44:00,25,,,False,False,False,4214,Active,FullService,,Ocean Front Walk & Navy,,05:45:00,,Pacific Standard Time,26,0,Active,1,33.99556,-118.48155,False,0,0,1,False,2.174.257
63,1621 4th St,Santa Monica,CA,90401,10,05:44:00,8,,,False,False,False,4215,Active,FullService,,Downtown Santa Monica E Line Station,,05:45:00,,Pacific Standard Time,18,0,Active,1,34.01431,-118.49134,False,8,0,2,False,2.174.257
64,1610 Colorado Ave,Santa Monica,CA,90404,12,05:44:00,7,,,False,False,False,4216,Active,FullService,,17th St / SMC E Line Station,,05:45:00,,Pacific Standard Time,19,0,Active,1,34.02339,-118.47964,False,9,0,3,False,2.174.257
65,1041 S Broadway,DTLA,CA,90015,7,05:44:00,12,,,False,False,False,4217,Active,FullService,,Broadway & 11th,,05:45:00,,Pacific Standard Time,19,0,Active,1,34.04031,-118.25827,False,7,0,0,False,2.174.257
66,1610 Park Ave,Echo Park,CA,90026,5,05:44:00,10,,,False,False,False,4220,Active,FullService,,Park & Echo Park,,05:45:00,,Pacific Standard Time,15,0,Active,1,34.07483,-118.25873,False,3,0,2,False,2.174.257
67,2117 S Grand Ave,DTLA,CA,90015,10,05:44:00,6,,,False,False,False,4227,Active,FullService,,Grand / LATTC,,05:45:00,,Pacific Standard Time,16,0,Active,1,34.0298,-118.27031,False,10,0,0,False,2.174.257
68,3451 University Ave,USC,CA,90007,10,05:44:00,5,,,False,False,False,4245,Active,FullService,,University & Hoover,,05:45:00,,Pacific Standard Time,15,0,Active,1,34.02404,-118.28341,False,10,0,0,False,2.174.257
69,699 W 32nd Street,USC,CA,90007,12,05:44:00,2,,,False,False,False,4246,Active,FullService,,32nd & Figueroa,,05:45:00,,Pacific Standard Time,14,0,Active,1,34.02371,-118.27917,False,12,0,0,False,2.174.257
70,1369 W 25th Street,USC,CA,90007,7,05:44:00,1,,,False,False,False,4247,Active,FullService,,25th & Vermont,,05:45:00,,Pacific Standard Time,8,0,Active,1,34.03364,-118.29131,False,6,0,1,False,2.174.257
71,1276 W 29th St,USC,CA,90007,5,05:44:00,11,,,False,False,False,4248,Active,FullService,,29th & Ellendale,,05:45:00,,Pacific Standard Time,19,0,Active,1,34.02835,-118.28867,False,1,0,4,False,2.174.257
72,3499 S Figueroa St,USC,CA,90089,6,05:44:00,8,,,False,False,False,4249,Active,FullService,,Figueroa & McCarthy Way,,05:45:00,,Pacific Standard Time,15,0,Active,1,34.0203,-118.28118,False,4,0,2,False,2.174.257
73,804 W Adams Blvd,USC,CA,90007,6,05:44:00,9,,,False,False,False,4250,Active,FullService,,Severance & Adams,,05:45:00,,Pacific Standard Time,15,0,Active,1,34.03017,-118.28095,False,6,0,0,False,2.174.257
74,2817 Hoover St,USC,CA,90007,12,05:44:00,3,,,False,False,False,4254,Active,FullService,,Hoover & 29th,,05:45:00,,Pacific Standard Time,15,0,Active,1,34.02868,-118.28411,False,12,0,0,False,2.174.257
75,6020 Seabluff Dr,Playa Vista,CA,90094,5,05:44:00,5,,,False,False,False,4255,Unavailable,FullService,,Seabluff & Runway,,05:45:00,,Pacific Standard Time,10,0,Unresponsive,1,33.97366,-118.42286,False,4,0,1,False,2.174.257
76,613 W 28th St,USC,CA,90007,6,05:44:00,9,,,False,False,False,4266,Active,FullService,,28th & Figueroa,,05:45:00,,Pacific Standard Time,15,0,Active,1,34.02629,-118.27769,False,6,0,0,False,2.174.257
77,737 W 28th St,USC,CA,90007,8,05:44:00,2,,,False,False,False,4267,Active,FullService,,28th & University,,05:45:00,,Pacific Standard Time,10,0,Active,1,34.02762,-118.28068,False,8,0,0,False,2.174.257
78,3175 South Hoover Street,USC,CA,90007,5,05:44:00,10,,,False,False,False,4273,Active,FullService,,Hoover & 32nd,,05:45:00,,Pacific Standard Time,15,0,Active,1,34.02586,-118.2841,False,5,0,0,False,2.174.257
79,Southwest Stadium Entrance,USC,CA,90037,11,05:44:00,4,,,False,False,False,4275,Active,FullService,,Expo Park/LAFC,,05:45:00,,Pacific Standard Time,15,0,Active,1,34.01252,-118.2859,False,10,0,1,False,2.174.257
80,300 S Westlake Ave,Westlake,CA,90057,6,05:44:00,4,,,False,False,False,4293,Active,FullService,,Westlake & 3rd,,05:45:00,,Pacific Standard Time,10,0,Active,1,34.06228,-118.27152,False,4,0,2,False,2.174.257
81,1552 W Olympic Blvd,Westlake,CA,90015,11,05:44:00,3,,,False,False,False,4300,Active,FullService,,Union & Olympic,,05:45:00,,Pacific Standard Time,14,0,Active,1,34.04887,-118.2743,False,8,0,3,False,2.174.257
82,4698-4680 Maubert Ave,Los Feliz,CA,90027,5,05:44:00,5,,,False,False,False,4301,Active,FullService,,Maubert & Vermont,,05:45:00,,Pacific Standard Time,10,0,Active,1,34.09905,-118.2915,False,5,0,0,False,2.174.257
83,1150 N Vermont Ave,Los Feliz,CA,90029,6,05:44:00,3,,,False,False,False,4302,Active,FullService,,Vermont Pl & Vermont ,,05:45:00,,Pacific Standard Time,10,0,Active,1,34.09249,-118.29144,False,5,0,1,False,2.174.257
84,4459 Sunset Blvd,Los Feliz,CA,90027,5,05:44:00,5,,,False,False,False,4303,Active,FullService,,Sunset & Virgil,,05:45:00,,Pacific Standard Time,10,0,Active,1,34.09801,-118.28707,False,5,0,0,False,2.174.257
85,629 Shatto Pl,Koreatown,CA,90005,2,05:44:00,9,,,False,False,False,4304,Active,FullService,,Shatto Pl & Wilshire,,05:45:00,,Pacific Standard Time,11,0,Active,1,34.06258,-118.29009,False,1,0,1,False,2.174.257
86,3038 W 8th St,Koreatown,CA,90005,10,05:44:00,5,,,False,False,False,4306,Active,FullService,,8th & Vermont,,05:45:00,,Pacific Standard Time,15,0,Active,1,34.05765,-118.29218,False,8,0,2,False,2.174.257
87,3192 W 7th St,Koreatown,CA,90005,10,05:44:00,5,,,False,False,False,4311,Active,FullService,,7th & Berendo,,05:45:00,,Pacific Standard Time,15,0,Active,1,34.05969,-118.29466,False,9,0,1,False,2.174.257
88,662 S Westlake Ave,Westlake,CA,90057,6,05:44:00,9,,,False,False,False,4313,Active,FullService,,Westlake/MacArthur Park Station,,05:45:00,,Pacific Standard Time,15,0,Active,1,34.05681,-118.275,False,6,0,0,False,2.174.257
89,2378 W 7th St,Westlake,CA,90057,10,05:44:00,4,,,False,False,False,4314,Active,FullService,,7th & Park View,,05:45:00,,Pacific Standard Time,15,0,Active,1,34.05771,-118.27976,False,7,0,3,False,2.174.257
90,694 South Union Avenue,Westlake,CA,90017,10,05:44:00,3,,,False,False,False,4315,Active,FullService,,Union & 7th,,05:45:00,,Pacific Standard Time,13,0,Active,1,34.05403,-118.27092,False,7,0,3,False,2.174.257
91,777 Alameda St,DTLA,CA,90021,6,05:44:00,13,,,False,False,False,4387,Active,FullService,,Row DTLA,,05:45:00,,Pacific Standard Time,19,0,Active,1,34.03352,-118.24184,False,6,0,0,False,2.174.262
92,S Kenmore Ave & W 3rd St,Koreatown,CA,90004,8,05:44:00,4,,,False,False,False,4390,Active,FullService,,Kenmore & 3rd,,05:45:00,,Pacific Standard Time,12,0,Active,1,34.06927,-118.29659,False,8,0,0,False,2.174.257
93,Vermont & Beverly ,Koreatown,CA,90004,3,05:44:00,8,,,False,False,False,4401,Active,FullService,,Vermont & Beverly,,05:45:00,,Pacific Standard Time,11,0,Active,1,34.07561,-118.29186,False,3,0,0,False,2.174.257
94,919 Albany St,Westlake,CA,90015,10,05:44:00,5,,,False,False,False,4404,Active,FullService,,Albany & Olympic,,05:45:00,,Pacific Standard Time,15,0,Active,1,34.04813,-118.27103,False,10,0,0,False,2.174.257
95,Berendo & Olympic road,Koreatown,CA,90005,11,05:44:00,6,,,False,False,False,4405,Active,FullService,,Berendo & Olympic,,05:45:00,,Pacific Standard Time,18,0,Active,1,34.0519,-118.29368,False,10,0,1,False,2.174.257
96,1689 N Normandie Ave,Los Feliz,CA,90027,8,05:44:00,6,,,False,False,False,4406,Active,FullService,,Normandie & Hollywood,,05:45:00,,Pacific Standard Time,14,0,Active,1,34.10189,-118.30061,False,8,0,0,False,2.174.257
97,609 S Kenmore Ave,Koreatown,CA,90010,9,05:44:00,7,,,False,False,False,4410,Active,FullService,,Kenmore & 6th,,05:45:00,,Pacific Standard Time,16,0,Active,1,34.06335,-118.2968,False,9,0,0,False,2.174.257
98,1900 N Vermont,Los Feliz,CA,90027,5,05:44:00,4,,,False,False,False,4436,Active,FullService,,Vermont & Franklin,,05:45:00,,Pacific Standard Time,9,0,Active,1,34.10578,-118.29194,False,5,0,0,False,2.174.257
99,4500 Franklin Ave,Los Feliz,CA,90027,11,05:44:00,2,,,False,False,False,4437,Active,FullService,,Franklin & Hillhurst,,05:45:00,,Pacific Standard Time,13,0,Active,1,34.10536,-118.28727,False,9,0,2,False,2.174.257
100,1254 N Hoover St,Silver Lake,CA,90029,10,05:44:00,4,,,False,False,False,4438,Active,FullService,,Hoover & Fountain,,05:45:00,,Pacific Standard Time,14,0,Active,1,34.09493,-118.28456,False,10,0,0,False,2.174.257
101,4477 Santa Monica Blvd,Los Feliz,CA,90029,3,05:44:00,10,,,False,False,False,4439,Active,FullService,,Santa Monica & Virgil,,05:45:00,,Pacific Standard Time,14,0,Active,1,34.09097,-118.28625,False,3,0,0,False,2.174.257
102,3420 Wilshire Blvd,Koreatown,CA,90010,9,05:44:00,9,,,False,False,False,4440,Active,FullService,,Wilshire & Alexandria,,05:45:00,,Pacific Standard Time,18,0,Active,1,34.06166,-118.29824,False,9,0,0,False,2.174.257
103,University Ave,USC,CA,90007,2,05:44:00,7,,,False,False,False,4441,Active,FullService,,University & 30th,,05:45:00,,Pacific Standard Time,9,0,Active,1,34.02662,-118.28181,False,2,0,0,False,2.174.257
104,1498 N Normandie,Los Feliz,CA,90027,3,05:44:00,9,,,False,False,False,4442,Active,FullService,,Normandie & Sunset,,05:45:00,,Pacific Standard Time,12,0,Active,1,34.098,-118.30047,False,1,0,2,False,2.174.257
105,3330 S Figueroa St,USC,CA,90007,5,05:44:00,3,,,False,False,False,4443,Active,FullService,,Figueroa & Jefferson,,05:45:00,,Pacific Standard Time,8,0,Active,1,34.02209,-118.27979,False,4,0,1,False,2.174.257
106,3670 Wilshire Blvd,Koreatown,CA,90005,3,05:44:00,6,,,False,False,False,4444,Active,FullService,,Wilshire & Hobart,,05:45:00,,Pacific Standard Time,9,0,Active,1,34.06162,-118.30557,False,3,0,0,False,2.174.257
107,1389 S Sunset Blvd,Echo Park,CA,90027,4,05:44:00,10,,,False,False,False,4445,Active,FullService,,Sunset & Douglas,,05:45:00,,Pacific Standard Time,15,0,Active,1,34.07364,-118.25157,False,4,0,0,False,2.174.257
108,2059 James M. Wood Blvd,Westlake,CA,90006,7,05:44:00,6,,,False,False,False,4446,Active,FullService,,James M. Wood & Alvarado,,05:45:00,,Pacific Standard Time,13,0,Active,1,34.05323,-118.27842,False,6,0,1,False,2.174.257
109,623 S Rampart Blvd,Westlake,CA,90057,12,05:44:00,3,,,False,False,False,4447,Active,FullService,,Rampart & Wilshire,,05:45:00,,Pacific Standard Time,15,0,Active,1,34.0616,-118.28199,False,9,0,3,False,2.174.257
110,509 W 23rd St,DTLA,CA,90007,9,05:44:00,13,,,False,False,False,4448,Active,FullService,,23rd St & Flower,,05:45:00,,Pacific Standard Time,22,0,Active,1,34.03027,-118.27319,False,9,0,0,False,2.174.257
111,1153 Valencia St,Westlake,CA,90015,9,05:44:00,4,,,False,False,False,4449,Active,FullService,,12th & Valencia,,05:45:00,,Pacific Standard Time,13,0,Active,1,34.04557,-118.27419,False,7,0,2,False,2.174.257
112,3000 W 6th St,Koreatown,CA,90020,7,05:44:00,8,,,False,False,False,4450,Active,FullService,,Virgil & 6th,,05:45:00,,Pacific Standard Time,15,0,Active,1,34.06349,-118.28716,False,4,0,3,False,2.174.257
113,4647 Melbourne Ave,Los Feliz,CA,90027,8,05:44:00,2,,,False,False,False,4451,Active,FullService,,Melbourne & Vermont,,05:45:00,,Pacific Standard Time,10,0,Active,1,34.10363,-118.29131,False,8,0,0,False,2.174.257
114,1717 Hillhurst Ave,Los Feliz,CA,90027,4,05:44:00,6,,,False,False,False,4452,Active,FullService,,Hillhurst & Kingswell,,05:45:00,,Pacific Standard Time,10,0,Active,1,34.10233,-118.28746,False,4,0,0,False,2.174.257
115,701 Lucile Ave,Silver Lake,CA,90026,4,05:44:00,2,,,False,False,False,4453,Active,FullService,,Lucile & Hoover,,05:45:00,,Pacific Standard Time,6,0,Active,1,34.08265,-118.28439,False,4,0,0,False,2.174.257
116,3775 S Vermont Ave,USC,CA,90007,4,05:44:00,10,,,False,False,False,4454,Active,FullService,,Vermont & Exposition,,05:45:00,,Pacific Standard Time,14,0,Active,1,34.0179,-118.29172,False,3,0,1,False,2.174.257
117,2841 1/2 Hyperion Ave,Silver Lake,CA,90027,9,05:44:00,9,,,False,False,False,4455,Active,FullService,,Rowena & Hyperion,,05:45:00,,Pacific Standard Time,18,0,Active,1,34.10936,-118.27181,False,8,0,1,False,2.174.257
118,W Olympic Blvd & S Ardmore Ave,Koreatown,CA,90006,10,05:44:00,6,,,False,False,False,4456,Active,FullService,,Ardmore & Olympic,,05:45:00,,Pacific Standard Time,16,0,Active,1,34.05243,-118.30202,False,10,0,0,False,2.174.257
119,Hollywood Blvd & Rodney Dr,Los Feliz,CA,90027,3,05:44:00,5,,,False,False,False,4457,Active,FullService,,Hollywood & Rodney,,05:45:00,,Pacific Standard Time,8,0,Active,1,34.10011,-118.28986,False,3,0,0,False,2.174.257
120,Sunset Blvd & Sanborn Ave,Silver Lake,CA,90029,8,05:44:00,9,,,False,False,False,4472,Active,FullService,,Santa Monica & Sunset,,05:45:00,,Pacific Standard Time,17,0,Active,1,34.0926,-118.28093,False,8,0,0,False,2.174.257
121,3040 Beverly Blvd,Westlake,CA,90057,6,05:44:00,2,,,False,False,False,4473,Active,FullService,,Vendome & Beverly,,05:45:00,,Pacific Standard Time,8,0,Active,1,34.07159,-118.28229,False,5,0,1,False,2.174.257
122,Ambrose Ave & Hillhurst Ave,Los Feliz,CA,90027,5,05:44:00,3,,,False,False,False,4474,Active,FullService,,Ambrose & Hillhurst,,05:45:00,,Pacific Standard Time,10,0,Active,1,34.11003,-118.28716,False,4,0,1,False,2.174.257
123,415 San Pedro St,DTLA,CA,90013,9,05:44:00,2,,,False,False,False,4475,Active,FullService,,San Pedro & Winston,,05:45:00,,Pacific Standard Time,11,0,Active,1,34.04518,-118.24325,False,8,0,1,False,2.174.257
124,2847 Sunset Blvd,Silver Lake,CA,90026,12,05:44:00,3,,,False,False,False,4476,Active,FullService,,Sunset & Silver Lake,,05:45:00,,Pacific Standard Time,15,0,Active,1,34.08252,-118.27272,False,10,0,2,False,2.174.257
125,6247 Yucca St,Hollywood,CA,90028,6,05:44:00,17,,,False,False,False,4477,Active,FullService,,Yucca & Argyle,,05:45:00,,Pacific Standard Time,23,0,Active,1,34.10385,-118.32546,False,6,0,0,False,2.174.257
126,3706 Tracy St,Los Feliz,CA,90027,5,05:44:00,7,,,False,False,False,4478,Active,FullService,,Tracy & Hyperion,,05:45:00,,Pacific Standard Time,13,0,Active,1,34.10424,-118.2737,False,5,0,0,False,2.174.257
127,2617-2717 Ellendale Pl,USC,CA,90007,5,05:44:00,7,,,False,False,False,4479,Active,FullService,,Ellendale Pl & Adams,,05:45:00,,Pacific Standard Time,12,0,Active,1,34.0315,-118.28874,False,4,0,1,False,2.174.257
128,201 N Figueroa,DTLA,CA,90012,6,05:44:00,9,,,False,False,False,4480,Active,FullService,,Figueroa Plaza,,05:45:00,,Pacific Standard Time,15,0,Active,1,34.05896,-118.25059,False,5,0,1,False,2.174.257
129,1300-1310 Wilcox Ave,Hollywood,CA,90038,8,05:44:00,7,,,False,False,False,4482,Active,FullService,,Wilcox & Fountain,,05:45:00,,Pacific Standard Time,15,0,Active,1,34.09437,-118.33101,False,8,0,0,False,2.174.257
130,2420 Glendale Blv,Silver Lake,CA,90039,7,05:44:00,5,,,False,False,False,4483,Active,FullService,,Glendale & Silver Lake,,05:45:00,,Pacific Standard Time,12,0,Active,1,34.1007,-118.25912,False,6,0,1,False,2.174.257
131,"1303 W 1st St, Los Angeles",Westlake,CA,90026,9,05:44:00,7,,,False,False,False,4486,Active,FullService,,Vista Hermosa Park,,05:45:00,,Pacific Standard Time,16,0,Active,1,34.06126,-118.2586,False,4,0,5,False,2.174.257
132,1017 Broxton Ave,Westwood,CA,90024,10,05:44:00,6,,,False,False,False,4487,Active,FullService,,Broxton & Weyburn,,05:45:00,,Pacific Standard Time,16,0,Active,1,34.06211,-118.44692,False,9,0,1,False,2.174.257
133,S Figueroa St & W 4th St,DTLA,CA,90071,4,05:44:00,11,,,False,False,False,4490,Active,FullService,,Figueroa & 4th,,05:45:00,,Pacific Standard Time,15,0,Active,1,34.05355,-118.25584,False,3,0,1,False,2.174.257
134,429 S Main St,DTLA,CA,90013,8,05:44:00,5,,,False,False,False,4491,Active,FullService,,Main & Winston,,05:45:00,,Pacific Standard Time,13,0,Active,1,34.04744,-118.24794,False,8,0,0,False,2.174.257
135,Westwood Blvd & Exposition Blvd,West Los Angeles,CA,90064,13,05:44:00,6,,,False,False,False,4492,Active,FullService,,Westwood/Rancho Park E Line Station,,05:45:00,,Pacific Standard Time,19,0,Active,1,34.03687,-118.4255,False,13,0,0,False,2.174.257
136,Sunset Blvd & Maltman Ave,Silver Lake,CA,90026,7,05:44:00,8,,,False,False,False,4493,Active,FullService,,Sunset Triangle Plaza,,05:45:00,,Pacific Standard Time,16,0,Active,1,34.09028,-118.27719,False,5,0,2,False,2.174.257
137,1524 Sunset Blvd,Echo Park,CA,90026,5,05:44:00,4,,,False,False,False,4494,Active,FullService,,Laveta Terrace & Sunset,,05:45:00,,Pacific Standard Time,9,0,Active,1,34.07598,-118.25601,False,5,0,0,False,2.174.257
138,1661 Western Ave ,Hollywood,CA,90020,7,05:44:00,3,,,False,False,False,4509,Active,FullService,,Western & Hollywood,,05:45:00,,Pacific Standard Time,11,0,Active,1,34.10164,-118.30917,False,6,0,1,False,2.174.257
139,2134 Sunset Blvd,Silver Lake,CA,90026,6,05:44:00,4,,,False,False,False,4510,Active,FullService,,Mohawk Bend,,05:45:00,,Pacific Standard Time,10,0,Active,1,34.07735,-118.26455,False,5,0,1,False,2.174.257
140,N Vignes St,Chinatown,CA,90012,5,05:44:00,14,,,False,False,False,4511,Active,FullService,,Union Station East Portal,,05:45:00,,Pacific Standard Time,19,0,Active,1,34.05628,-118.23177,False,5,0,0,False,2.174.257
141,1060 S Figueroa St ,DTLA,CA,90015,11,05:44:00,5,,,False,False,False,4512,Active,FullService,,Figueroa & 11th,,05:45:00,,Pacific Standard Time,16,0,Active,1,34.04381,-118.26497,False,10,0,1,False,2.174.257
142,707 N Edgemont St,Los Feliz,CA,90029,9,05:44:00,9,,,False,False,False,4513,Active,FullService,,Edgemont & Melrose,,05:45:00,,Pacific Standard Time,18,0,Active,1,34.08371,-118.29602,False,8,0,1,False,2.174.257
143,1600 Purdue Ave,West Los Angeles,CA,90025,9,05:44:00,9,,,False,False,False,4514,Active,FullService,,Purdue & Santa Monica,,05:45:00,,Pacific Standard Time,18,0,Active,1,34.04655,-118.45144,False,9,0,0,False,2.174.257
144,11298 Mississippi Ave,West Los Angeles,CA,90025,6,05:44:00,3,,,False,False,False,4515,Active,FullService,,Mississippi & Sawtelle,,05:45:00,,Pacific Standard Time,9,0,Active,1,34.03974,-118.44227,False,6,0,0,False,2.174.257
145,700 S Hill St,DTLA,CA,90014,8,05:44:00,11,,,False,False,False,4516,Active,FullService,,7th & Hill,,05:45:00,,Pacific Standard Time,19,0,Active,1,34.04585,-118.2544,False,8,0,0,False,2.174.257
146,1721-1701 N Highland Ave,Hollywood,CA,90028,6,05:44:00,5,,,False,False,False,4517,Active,FullService,,Highland & Hollywood,,05:45:00,,Pacific Standard Time,11,0,Active,1,34.10196,-118.33885,False,6,0,0,False,2.174.257
147,720 S Normandie Ave,Koreatown,CA,90005,2,05:44:00,4,,,False,False,False,4518,Active,FullService,,Normandie & 8th,,05:45:00,,Pacific Standard Time,6,0,Active,1,34.05797,-118.29975,False,1,0,1,False,2.174.257
148,4955 Inglewood Blvd,Del Rey,CA,90230,4,05:44:00,8,,,False,False,False,4521,Active,FullService,,Inglewood & Ballona,,05:45:00,,Pacific Standard Time,12,0,Active,1,33.99032,-118.41205,False,3,0,1,False,2.174.257
149,311 S Western Ave,Koreatown,CA,90020,6,05:44:00,9,,,False,False,False,4523,Active,FullService,,Western & 3rd,,05:45:00,,Pacific Standard Time,15,0,Active,1,34.06875,-118.30928,False,6,0,0,False,2.174.257
150,Wilshire Normandie Plaza,Koreatown,CA,90005,5,05:44:00,9,,,False,False,False,4524,Active,FullService,,Wilshire & Normandie,,05:45:00,,Pacific Standard Time,14,0,Active,1,34.06163,-118.30119,False,4,0,1,False,2.174.257
151,7000 Hawthorn Ave,Hollywood,CA,90028,6,05:44:00,5,,,False,False,False,4525,Active,FullService,,Hawthorn & Orange,,05:45:00,,Pacific Standard Time,11,0,Active,1,34.10038,-118.3418,False,6,0,0,False,2.174.257
152,7333 Franklin Ave,Hollywood,CA,90046,13,05:44:00,10,,,False,False,False,4526,Active,FullService,,Franklin & Fuller,,05:45:00,,Pacific Standard Time,23,0,Active,1,34.10338,-118.34919,False,13,0,0,False,2.174.257
153,1714 N McCadden Pl,Hollywood,CA,90028,9,05:44:00,5,,,False,False,False,4527,Active,FullService,,McCadden & Hollywood,,05:45:00,,Pacific Standard Time,14,0,Active,1,34.102,-118.33741,False,9,0,0,False,2.174.257
154,1080 Glendon Ave,Westwood,CA,90024,8,05:44:00,2,,,False,False,False,4528,Active,FullService,,Glendon & Kinross,,05:45:00,,Pacific Standard Time,10,0,Active,1,34.06097,-118.44437,False,6,0,2,False,2.174.257
155,6561 Hollywood Blvd,Hollywood,CA,90028,6,05:44:00,7,,,False,False,False,4529,Active,FullService,,Whitley & Hollywood,,05:45:00,,Pacific Standard Time,13,0,Active,1,34.10186,-118.33329,False,6,0,0,False,2.174.257
156,6331 Hollywood Blvd,Hollywood,CA,90028,5,05:44:00,11,,,False,False,False,4534,Active,FullService,,Ivar & Hollywood,,05:45:00,,Pacific Standard Time,16,0,Active,1,34.10186,-118.32811,False,5,0,0,False,2.174.257
157,600 Venice Boulevard,Venice,CA,90291,5,05:44:00,5,,,False,False,False,4536,Active,FullService,,Venice & Abbot Kinney,,05:45:00,,Pacific Standard Time,10,0,Active,1,33.98908,-118.46226,False,5,0,0,False,2.174.257
158,1500 N Highland Ave,Hollywood,CA,90028,10,05:44:00,10,,,False,False,False,4537,Active,FullService,,Highland & Sunset,,05:45:00,,Pacific Standard Time,23,0,Active,1,34.09823,-118.33882,False,9,0,1,False,2.174.257
159,450 S Western Ave ,Koreatown,CA,90020,5,05:44:00,3,,,False,False,False,4538,Active,FullService,,5th & Western,,05:45:00,,Pacific Standard Time,8,0,Active,1,34.06543,-118.30882,False,4,0,1,False,2.174.257
160,1717 N Cherokee Ave,Hollywood,CA,90028,7,05:44:00,7,,,False,False,False,4539,Active,FullService,,Cherokee & Hollywood,,05:45:00,,Pacific Standard Time,14,0,Active,1,34.10176,-118.33474,False,7,0,0,False,2.174.257
161,111 S Utah St,Boyle Heights,CA,90033,13,05:44:00,5,,,False,False,False,4540,Active,FullService,,1st & Utah,,05:45:00,,Pacific Standard Time,18,0,Active,1,34.04776,-118.22541,False,11,0,2,False,2.174.257
162,6900 Pacific Ave,Playa del Rey,CA,90293,0,05:44:00,8,,,False,False,False,4543,Active,FullService,,Toes Beach at Culver Blvd,,05:45:00,,Pacific Standard Time,8,0,Active,1,33.95718,-118.45125,False,0,0,0,False,2.174.257
163,Dockweiler Beach,Playa Del Rey,CA,90293,6,05:44:00,8,,,False,False,False,4544,Active,FullService,,Dockweiler Beach at Imperial Hwy,,05:45:00,,Pacific Standard Time,14,0,Active,1,33.92846,-118.4352,False,1,0,5,False,2.174.257
164,200 Culver Blvd,Playa Del Rey,CA,90293,4,05:44:00,4,,,False,False,False,4545,Active,FullService,,Vista Del Mar & Culver,,05:45:00,,Pacific Standard Time,8,0,Active,1,33.95879,-118.44828,False,4,0,0,False,2.174.257
165,12201 Exposition Blvd,West Los Angeles,CA,90064,9,05:44:00,10,,,False,False,False,4546,Active,FullService,,Expo/Bundy E Line Station,,05:45:00,,Pacific Standard Time,19,0,Active,1,34.0314,-118.45363,False,7,0,2,False,2.174.257
166,3205 Washington Blvd,Venice,CA,90292,3,05:44:00,7,,,False,False,False,4547,Active,FullService,,Stanford & Washington,,05:45:00,,Pacific Standard Time,10,0,Active,1,33.9897,-118.44888,False,1,0,2,False,2.174.257
167,8985 Venice Blvd,Palms,CA,90034,7,05:44:00,4,,,False,False,False,4548,Active,FullService,,Durango & Venice,,05:45:00,,Pacific Standard Time,12,0,Active,1,34.02683,-118.39352,False,4,0,3,False,2.174.257
168,3010 S Barrington Ave,Mar Vista,CA,90066,8,05:44:00,8,,,False,False,False,4549,Active,FullService,,Barrington & National,,05:45:00,,Pacific Standard Time,16,0,Active,1,34.02245,-118.43833,False,6,0,2,False,2.174.257
169,12415 Culver Blvd,Del Rey,CA,90066,8,05:44:00,4,,,False,False,False,4552,Active,FullService,,Culver & Centinela,,05:45:00,,Pacific Standard Time,12,0,Active,1,33.99097,-118.4213,False,4,0,4,False,2.174.257
170,12904 Venice Blvd,Mar Vista,CA,90066,3,05:44:00,6,,,False,False,False,4553,Active,FullService,,Venice & Beethoven,,05:45:00,,Pacific Standard Time,9,0,Active,1,33.99958,-118.44136,False,2,0,1,False,2.174.257
171,12413 Venice,Mar Vista,CA,90066,5,05:44:00,6,,,False,False,False,4554,Active,FullService,,Venice & Colonial,,05:45:00,,Pacific Standard Time,11,0,Active,1,34.00351,-118.43438,False,5,0,0,False,2.174.257
172,12006 Venice Blvd,Mar Vista,CA,90066,5,05:44:00,3,,,False,False,False,4555,Active,FullService,,Venice & Inglewood,,05:45:00,,Pacific Standard Time,9,0,Active,1,34.00587,-118.42916,False,5,0,0,False,2.174.257
173,3781 McLaughlin,Mar Vista,CA,90066,10,05:44:00,3,,,False,False,False,4556,Active,FullService,,McLaughlin & Venice,,05:45:00,,Pacific Standard Time,13,0,Active,1,34.00902,-118.42501,False,6,0,4,False,2.174.257
174,11289 Venice Blvd,Mar Vista,CA,90066,7,05:44:00,3,,,False,False,False,4557,Active,FullService,,Venice & Sawtelle,,05:45:00,,Pacific Standard Time,11,0,Active,1,34.0118,-118.41944,False,7,0,0,False,2.174.257
175,3775 Bagley Ave,Palms,CA,90034,10,05:44:00,7,,,False,False,False,4558,Active,FullService,,Bagley & Venice,,05:45:00,,Pacific Standard Time,17,0,Active,1,34.02569,-118.3953,False,7,0,3,False,2.174.257
176,10875 Palms Blvd,Palms,CA,90034,7,05:44:00,2,,,False,False,False,4559,Active,FullService,,Palms & Kelton,,05:45:00,,Pacific Standard Time,9,0,Active,1,34.02199,-118.4165,False,6,0,1,False,2.174.257
177,3585 S Sepulveda Blvd,Palms,CA,90034,2,05:44:00,6,,,False,False,False,4560,Active,FullService,,Sepulveda & Charnock,,05:45:00,,Pacific Standard Time,8,0,Active,1,34.01737,-118.4206,False,2,0,0,False,2.174.257
178,3466 S Sepulveda Blvd,Palms,CA,90034,3,05:44:00,6,,,False,False,False,4561,Active,FullService,,Sepulveda & Palms,,05:45:00,,Pacific Standard Time,9,0,Active,1,34.02006,-118.42268,False,2,0,1,False,2.174.257
179,Sepulveda & National,Palms,CA,90064,8,05:44:00,7,,,False,False,False,4562,Active,FullService,,Sepulveda & National,,05:45:00,,Pacific Standard Time,16,0,Active,1,34.02697,-118.42821,False,8,0,0,False,2.174.257
180,10823 Venice Blvd,Palms,CA,90034,5,05:44:00,5,,,False,False,False,4563,Active,FullService,,Venice & Glendon,,05:45:00,,Pacific Standard Time,10,0,Active,1,34.01745,-118.40957,False,4,0,1,False,2.174.257
181,11295 Exposition Blvd,West Los Angeles,CA,90064,7,05:44:00,8,,,False,False,False,4564,Active,FullService,,Expo/Sepulveda E Line Station,,05:45:00,,Pacific Standard Time,15,0,Active,1,34.03535,-118.43414,False,6,0,1,False,2.174.257
182,4314-4300 Alla Rd,Del Rey,CA,90066,7,05:44:00,5,,,False,False,False,4565,Active,FullService,,Alla & Maxella,,05:45:00,,Pacific Standard Time,12,0,Active,1,33.98995,-118.43467,False,7,0,0,False,2.174.257
183,9907 Venice Blvd,Palms,CA,90034,7,05:44:00,8,,,False,False,False,4566,Active,FullService,,Venice & Hughes,,05:45:00,,Pacific Standard Time,15,0,Active,1,34.02339,-118.39922,False,7,0,0,False,2.174.257
184,10404 Venice Blvd,Palms,CA,90034,7,05:44:00,4,,,False,False,False,4567,Active,FullService,,Venice & Motor,,05:45:00,,Pacific Standard Time,11,0,Active,1,34.02018,-118.40403,False,5,0,2,False,2.174.257
185,10001 Exposition Blvd,Palms,CA,90034,9,05:44:00,5,,,False,False,False,4568,Active,FullService,,Palms E Line Station,,05:45:00,,Pacific Standard Time,14,0,Active,1,34.02912,-118.40317,False,6,0,3,False,2.174.257
186,10323 Palms Blvd,Palms,CA,90034,7,05:44:00,2,,,False,False,False,4569,Active,FullService,,Palms & Motor,,05:45:00,,Pacific Standard Time,9,0,Active,1,34.02655,-118.40846,False,6,0,1,False,2.174.257
187,3732 S Sepulveda Blvd,Palms,CA,90034,7,05:44:00,9,,,False,False,False,4570,Active,FullService,,Sepulveda & Venice,,05:45:00,,Pacific Standard Time,17,0,Active,1,34.01376,-118.4178,False,6,0,1,False,2.174.257
188,10618 Rose Ave,Palms,CA,90034,1,05:44:00,6,,,False,False,False,4571,Active,FullService,,Rose & Overland,,05:45:00,,Pacific Standard Time,7,0,Active,1,34.02765,-118.41356,False,1,0,0,False,2.174.257
189,10377 National Blvd,Palms,CA,90034,5,05:44:00,10,,,False,False,False,4572,Active,FullService,,National & Motor,,05:45:00,,Pacific Standard Time,15,0,Active,1,34.02948,-118.41047,False,5,0,0,False,2.174.257
190,3301 Westwood Blvd,Palms,CA,90064,4,05:44:00,7,,,False,False,False,4573,Active,FullService,,Westwood & National,,05:45:00,,Pacific Standard Time,11,0,Active,1,34.03047,-118.42098,False,4,0,0,False,2.174.257
191,11220-11200 Lucerne Ave,Del Rey,CA,90230,8,05:44:00,3,,,False,False,False,4575,Active,FullService,,Lucerne & Sepulveda,,05:45:00,,Pacific Standard Time,11,0,Active,1,34.00031,-118.40253,False,7,0,1,False,2.174.257
192,3704-3700 Motor Ave,Palms,CA,90034,2,05:44:00,8,,,False,False,False,4576,Active,FullService,,Motor & Regent,,05:45:00,,Pacific Standard Time,11,0,Active,1,34.02258,-118.40551,False,0,0,2,False,2.174.257
193,4743 Inglewood Blvd,Del Rey,CA,90230,8,05:44:00,3,,,False,False,False,4577,Active,FullService,,Inglewood & Braddock,,05:45:00,,Pacific Standard Time,11,0,Active,1,33.99302,-118.41491,False,7,0,1,False,2.174.257
194,755 S Main,DTLA,CA,90014,7,05:44:00,1,,,False,False,False,4578,Active,FullService,,Main & 8th,,05:45:00,,Pacific Standard Time,8,0,Active,1,34.04298,-118.25295,False,5,0,2,False,2.174.257
195,4666-4650 Alla Rd,Del Rey,CA,90066,7,05:44:00,4,,,False,False,False,4579,Active,FullService,,Alla & Glencoe,,05:45:00,,Pacific Standard Time,12,0,Active,1,33.98486,-118.43113,False,6,0,1,False,2.174.257
196,Centinela & Lucile,Playa Vista,CA,90230,2,05:44:00,6,,,False,False,False,4580,Active,FullService,,Centinela & Lucile,,05:45:00,,Pacific Standard Time,8,0,Active,1,33.98292,-118.41093,False,2,0,0,False,2.174.257
197,Playa Vista Drive,Playa Vista,CA,90094,6,05:44:00,11,,,False,False,False,4581,Active,FullService,,Playa Vista Library,,05:45:00,,Pacific Standard Time,17,0,Active,1,33.97024,-118.42607,False,3,0,3,False,2.174.257
198,5504 Westlawn Ave,Playa Vista,CA,90066,7,05:44:00,7,,,False,False,False,4582,Active,FullService,,Westlawn & Beatrice,,05:45:00,,Pacific Standard Time,14,0,Active,1,33.98099,-118.41488,False,6,0,1,False,2.174.257
199,12855 Runway,Playa Vista,CA,90094,10,05:44:00,12,,,False,False,False,4583,Active,FullService,,McConnell & Runway,,05:45:00,,Pacific Standard Time,22,0,Active,1,33.97619,-118.41842,False,7,0,3,False,2.174.257
200,6265 Fountain Ave,Hollywood,CA,90028,13,05:44:00,1,,,False,False,False,4584,Active,FullService,,Fountain & Vine,,05:45:00,,Pacific Standard Time,14,0,Active,1,34.09435,-118.32636,False,13,0,0,False,2.174.257
201,650 S Western Ave,Koreatown,CA,90005,7,05:44:00,6,,,False,False,False,4587,Active,FullService,,Wiltern,,05:45:00,,Pacific Standard Time,13,0,Active,1,34.06079,-118.30907,False,7,0,0,False,2.174.257
202,11688 Chandler Blvd,North Hollywood,CA,96106,6,05:44:00,11,,,False,False,False,4595,Active,FullService,,Chandler & Colfax,,05:45:00,,Pacific Standard Time,17,0,Active,1,34.16835,-118.3875,False,6,0,0,False,2.174.257
203,5352 Laurel Canyon Blvd,North Hollywood,CA,96106,8,05:44:00,7,,,False,False,False,4596,Active,FullService,,Chandler & Laurel Canyon,,05:45:00,,Pacific Standard Time,15,0,Active,1,34.16833,-118.39616,False,8,0,0,False,2.174.257
204,10301 W Magnolia Blvd,North Hollywood,CA,96106,9,05:44:00,2,,,False,False,False,4597,Active,FullService,,Magnolia & Clybourn,,05:45:00,,Pacific Standard Time,11,0,Active,1,34.16522,-118.35515,False,9,0,0,False,2.174.257
205,5223 Lankershim Blvd,North Hollywood,CA,91601,6,05:44:00,3,,,False,False,False,4598,Active,FullService,,North Hollywood Plaza,,05:45:00,,Pacific Standard Time,9,0,Active,1,34.16552,-118.37515,False,6,0,0,False,2.174.257
206,10605 Chandler Blvd,North Hollywood,CA,96106,4,05:44:00,8,,,False,False,False,4599,Active,FullService,,Chandler & Cahuenga,,05:45:00,,Pacific Standard Time,12,0,Active,1,34.16875,-118.36187,False,3,0,1,False,2.174.257
207,5906 Lankershim Blvd,North Hollywood,CA,96106,5,05:44:00,5,,,False,False,False,4600,Active,FullService,,Lankershim & Califa,,05:45:00,,Pacific Standard Time,10,0,Active,1,34.17765,-118.38231,False,4,0,1,False,2.174.257
208,5032 Lankershim Blvd,North Hollywood,CA,96106,7,05:44:00,4,,,False,False,False,4601,Active,FullService,,Lankershim & Hesby,,05:45:00,,Pacific Standard Time,11,0,Active,1,34.16171,-118.37282,False,7,0,0,False,2.174.257
209,10650 W Magnolia Blvd,North Hollywood,CA,96106,6,05:44:00,6,,,False,False,False,4602,Active,FullService,,Magnolia & Cartwright,,05:45:00,,Pacific Standard Time,12,0,Active,1,34.16495,-118.36363,False,4,0,2,False,2.174.257
210,10600 Riverside Dr,North Hollywood,CA,96106,9,05:44:00,8,,,False,False,False,4603,Active,FullService,,Riverside & Cahuenga,,05:45:00,,Pacific Standard Time,18,0,Active,1,34.15214,-118.36195,False,9,0,0,False,2.174.257
211,4825 Lanklershim Blvd,North Hollywood,CA,96106,8,05:44:00,4,,,False,False,False,4604,Active,FullService,,Lankershim & Vineland,,05:45:00,,Pacific Standard Time,12,0,Active,1,34.15832,-118.37081,False,7,0,1,False,2.174.257
212,4499 Mariota Ave,North Hollywood,CA,96106,2,05:44:00,11,,,False,False,False,4605,Active,FullService,,Mariota & Riverside,,05:45:00,,Pacific Standard Time,13,0,Active,1,34.152,-118.3506,False,1,0,1,False,2.174.257
213,5377 Lankershim,North Hollywood,CA,96106,13,05:44:00,7,,,False,False,False,4606,Active,FullService,,North Hollywood Station,,05:45:00,,Pacific Standard Time,20,0,Active,1,34.16863,-118.37707,False,13,0,0,False,2.174.257
214,"425 Westwood Plaza, Los Angeles, CA 90095",Westwood,CA,90095,3,05:44:00,9,,,False,False,False,4613,Active,FullService,,Gateway Plaza,,05:45:00,,Pacific Standard Time,12,0,Active,1,34.06975,-118.44535,False,3,0,0,False,2.174.257
215,1317 Portola Plaza,Westwood,CA,90095,1,05:44:00,17,,,False,False,False,4614,Active,FullService,,Perloff Hall,,05:45:00,,Pacific Standard Time,18,0,Active,1,34.07365,-118.43984,False,1,0,0,False,2.174.257
216,6203 Hollywood Blvd,Hollywood,CA,90028,2,05:44:00,15,,,False,False,False,4627,Active,FullService,,Argyle & Hollywood ,,05:45:00,,Pacific Standard Time,17,0,Active,1,34.10185,-118.32514,False,2,0,0,False,2.174.257
217,2966 7th St,Koreatown,CA,90005,11,05:44:00,4,,,False,False,False,4628,Active,FullService,,7th & Westmoreland,,05:45:00,,Pacific Standard Time,15,0,Active,1,34.05978,-118.28854,False,10,0,1,False,2.174.257
218,13438 Maxella Ave,Del Rey,CA,90292,4,05:44:00,11,,,False,False,False,4632,Active,FullService,,Maxella & Glencoe,,05:45:00,,Pacific Standard Time,15,0,Active,1,33.98667,-118.44095,False,4,0,0,False,2.174.257
219,"UCLA12, Drake Stadium",Los Angeles,CA,90095,7,23:59:00,13,,,False,False,False,4643,Active,FullService,,Drake Stadium,,00:00:00,,Pacific Standard Time,20,0,Active,1,34.07262,-118.44944,False,3,0,4,False,2.174.257
220,"UCLA17, Weyburn Terrace",Los Angeles,CA,90024,8,23:59:00,4,,,False,False,False,4644,Active,FullService,,Weyburn Terrace,,00:00:00,,Pacific Standard Time,12,0,Active,1,34.06186,-118.45002,False,7,0,1,False,2.174.257
221,3210 Sawtelle Blvd,Los Angeles,CA,90066,7,23:59:00,5,,,False,False,False,4645,Active,FullService,,University Village (Sawtelle Blvd),,00:00:00,,Pacific Standard Time,12,0,Active,1,34.02341,-118.42901,False,5,0,2,False,2.174.257
